{
  "project_info": {
    "project_number": "804572275001",
    "project_id": "html-wizard",
    "storage_bucket": "HTMLWizard.appspot.com"
  },
  "client": [
    {
      "client_info": {
        "mobilesdk_app_id": "1:804572275001:android:5a04624a8177c440e688e8",
        "android_client_info": {
          "package_name": "com.example.HTMLWizard"
        }
      },
      "oauth_client": [],
      "api_key": [
        {
          "current_key": "AIzaSyDxiNw2VRJRP3LIgk4ESDKwJ6NGMtO1bHQ"
        }
      ],
      "services": {
        "appinvite_service": {
          "other_platform_oauth_client": []
        }
      }
    }
  ],
  "configuration_version": "1"
}